{
  "schema_version": "1.0",
  "method": "multi_norm_cell_mean",
  "axis": "M5_centered_projection",
  "axis_anchors": {
    "defer": "yes",
    "soft": "yes, but",
    "hard": "no"
  },
  "endpoint_source": "frontier_4_model_panel",
  "endpoint_panel": [
    "anthropic/claude-sonnet-4.6",
    "google/gemini-3.1-pro-preview",
    "openai/gpt-5.5",
    "x-ai/grok-4.3"
  ],
  "generated_from": "cross_author_paragraph_anchors.json",
  "scoring_formula": "(raw_M5 - cell_DEFER_mean) / (cell_HARD_mean - cell_DEFER_mean), clipped to [0,1]",
  "endpoints": {
    "A1_GC": {
      "defer": {
        "mean_raw_M5": 0.15807933518165534,
        "sd_raw_M5": 0.23643352846322035,
        "n": 9
      },
      "soft": {
        "mean_raw_M5": 0.26565746498716036,
        "sd_raw_M5": 0.09955825521221227,
        "n": 9
      },
      "hard": {
        "mean_raw_M5": 0.5389445004323291,
        "sd_raw_M5": 0.19066103052261651,
        "n": 9
      }
    },
    "A1_GK": {
      "defer": {
        "mean_raw_M5": 0.005576713584292404,
        "sd_raw_M5": 0.016730140752877213,
        "n": 10
      },
      "soft": {
        "mean_raw_M5": 0.25457635088673874,
        "sd_raw_M5": 0.1500571857864859,
        "n": 10
      },
      "hard": {
        "mean_raw_M5": 0.543925424939749,
        "sd_raw_M5": 0.1315107184142902,
        "n": 11
      }
    },
    "A1_PC": {
      "defer": {
        "mean_raw_M5": 0.04470114194604326,
        "sd_raw_M5": 0.05074460723041116,
        "n": 9
      },
      "soft": {
        "mean_raw_M5": 0.1779037516512263,
        "sd_raw_M5": 0.10679547544386679,
        "n": 9
      },
      "hard": {
        "mean_raw_M5": 0.4858136060221626,
        "sd_raw_M5": 0.18389565949808842,
        "n": 9
      }
    },
    "A1_SK": {
      "defer": {
        "mean_raw_M5": 0.05540735380033118,
        "sd_raw_M5": 0.06016143714307815,
        "n": 9
      },
      "soft": {
        "mean_raw_M5": 0.2886527730701558,
        "sd_raw_M5": 0.1293203380802256,
        "n": 9
      },
      "hard": {
        "mean_raw_M5": 0.5298770666258916,
        "sd_raw_M5": 0.23733307559094763,
        "n": 9
      }
    },
    "A2_GC": {
      "defer": {
        "mean_raw_M5": 0.012245312365093353,
        "sd_raw_M5": 0.024540229781358898,
        "n": 9
      },
      "soft": {
        "mean_raw_M5": 0.22714950689535934,
        "sd_raw_M5": 0.09617190744534704,
        "n": 9
      },
      "hard": {
        "mean_raw_M5": 0.44746177580517255,
        "sd_raw_M5": 0.20045632743151906,
        "n": 9
      }
    },
    "A2_GK": {
      "defer": {
        "mean_raw_M5": 0.0,
        "sd_raw_M5": 0.0,
        "n": 9
      },
      "soft": {
        "mean_raw_M5": 0.16179135677521927,
        "sd_raw_M5": 0.11236107397584767,
        "n": 9
      },
      "hard": {
        "mean_raw_M5": 0.38606033073426943,
        "sd_raw_M5": 0.21964036063402623,
        "n": 9
      }
    },
    "A2_PC": {
      "defer": {
        "mean_raw_M5": 0.0030564088613421916,
        "sd_raw_M5": 0.00864482972773487,
        "n": 9
      },
      "soft": {
        "mean_raw_M5": 0.1872178309820134,
        "sd_raw_M5": 0.11765915552860477,
        "n": 9
      },
      "hard": {
        "mean_raw_M5": 0.35405364639118325,
        "sd_raw_M5": 0.17637617335440833,
        "n": 9
      }
    },
    "A2_SK": {
      "defer": {
        "mean_raw_M5": 0.0,
        "sd_raw_M5": 0.0,
        "n": 9
      },
      "soft": {
        "mean_raw_M5": 0.16765633150526865,
        "sd_raw_M5": 0.11629156599742728,
        "n": 9
      },
      "hard": {
        "mean_raw_M5": 0.47802476367939256,
        "sd_raw_M5": 0.12180614973346465,
        "n": 9
      }
    },
    "A3_GC": {
      "defer": {
        "mean_raw_M5": 0.01492447423374569,
        "sd_raw_M5": 0.04221278774530192,
        "n": 9
      },
      "soft": {
        "mean_raw_M5": 0.13854511456540614,
        "sd_raw_M5": 0.1296336237628296,
        "n": 9
      },
      "hard": {
        "mean_raw_M5": 0.4734188142806095,
        "sd_raw_M5": 0.16258389725330766,
        "n": 9
      }
    },
    "A3_GK": {
      "defer": {
        "mean_raw_M5": 0.0,
        "sd_raw_M5": 0.0,
        "n": 9
      },
      "soft": {
        "mean_raw_M5": 0.23984184548093168,
        "sd_raw_M5": 0.13240634493373915,
        "n": 8
      },
      "hard": {
        "mean_raw_M5": 0.6374820694913552,
        "sd_raw_M5": 0.17113739451270257,
        "n": 9
      }
    },
    "A3_PC": {
      "defer": {
        "mean_raw_M5": 0.010888186537544779,
        "sd_raw_M5": 0.030796442142087953,
        "n": 9
      },
      "soft": {
        "mean_raw_M5": 0.21860262453356272,
        "sd_raw_M5": 0.20684993963610337,
        "n": 9
      },
      "hard": {
        "mean_raw_M5": 0.4498525142078531,
        "sd_raw_M5": 0.14201041034529227,
        "n": 9
      }
    },
    "A3_SK": {
      "defer": {
        "mean_raw_M5": 0.0,
        "sd_raw_M5": 0.0,
        "n": 9
      },
      "soft": {
        "mean_raw_M5": 0.42031788280563753,
        "sd_raw_M5": 0.18019863140252476,
        "n": 9
      },
      "hard": {
        "mean_raw_M5": 0.6374428373501022,
        "sd_raw_M5": 0.11988791027314566,
        "n": 9
      }
    },
    "B2_GC": {
      "defer": {
        "mean_raw_M5": 0.0,
        "sd_raw_M5": 0.0,
        "n": 9
      },
      "soft": {
        "mean_raw_M5": 0.06301798403235065,
        "sd_raw_M5": 0.10456759822850437,
        "n": 9
      },
      "hard": {
        "mean_raw_M5": 0.2761848071407895,
        "sd_raw_M5": 0.12473660383981286,
        "n": 9
      }
    },
    "B2_GK": {
      "defer": {
        "mean_raw_M5": 0.0,
        "sd_raw_M5": 0.0,
        "n": 9
      },
      "soft": {
        "mean_raw_M5": 0.1221002129402857,
        "sd_raw_M5": 0.13009705085735246,
        "n": 9
      },
      "hard": {
        "mean_raw_M5": 0.3248941375088364,
        "sd_raw_M5": 0.21230812553022738,
        "n": 9
      }
    },
    "B2_PC": {
      "defer": {
        "mean_raw_M5": 0.0,
        "sd_raw_M5": 0.0,
        "n": 8
      },
      "soft": {
        "mean_raw_M5": 0.01377517388456486,
        "sd_raw_M5": 0.037569530161304716,
        "n": 9
      },
      "hard": {
        "mean_raw_M5": 0.35103108295223,
        "sd_raw_M5": 0.12288417191732781,
        "n": 8
      }
    },
    "B2_SK": {
      "defer": {
        "mean_raw_M5": 0.001647643761441267,
        "sd_raw_M5": 0.00466024030677932,
        "n": 9
      },
      "soft": {
        "mean_raw_M5": 0.11919618029212092,
        "sd_raw_M5": 0.1345992037726554,
        "n": 9
      },
      "hard": {
        "mean_raw_M5": 0.5643351185736916,
        "sd_raw_M5": 0.108666220043139,
        "n": 9
      }
    },
    "B3_GC": {
      "defer": {
        "mean_raw_M5": 0.03921389155936696,
        "sd_raw_M5": 0.1109136345533692,
        "n": 9
      },
      "soft": {
        "mean_raw_M5": 0.07691180169818435,
        "sd_raw_M5": 0.1008853538391597,
        "n": 9
      },
      "hard": {
        "mean_raw_M5": 0.23793163974967785,
        "sd_raw_M5": 0.13995114201512338,
        "n": 9
      }
    },
    "B3_GK": {
      "defer": {
        "mean_raw_M5": 0.02318839444103589,
        "sd_raw_M5": 0.04507153771145868,
        "n": 9
      },
      "soft": {
        "mean_raw_M5": 0.12935749455797557,
        "sd_raw_M5": 0.17891494177946254,
        "n": 9
      },
      "hard": {
        "mean_raw_M5": 0.4248216812564507,
        "sd_raw_M5": 0.20092207672742843,
        "n": 9
      }
    },
    "B3_PC": {
      "defer": {
        "mean_raw_M5": 0.009007991371641535,
        "sd_raw_M5": 0.025478447135030557,
        "n": 9
      },
      "soft": {
        "mean_raw_M5": 0.11882405154787784,
        "sd_raw_M5": 0.10114266591827788,
        "n": 9
      },
      "hard": {
        "mean_raw_M5": 0.386743497406875,
        "sd_raw_M5": 0.14400991006116168,
        "n": 9
      }
    },
    "B3_SK": {
      "defer": {
        "mean_raw_M5": 0.039150845389193084,